Donor ID,Name,Gender,Blood Type,Location,Email,Contact
20AP01,Nikole Mediana,Female,A+,Palm Bay,Nikole Mediana@gmail.com,14027583361
20AP02,Ferdinand Selva,Male,A+,Lake City,Ferdinand Selva@yahoo.com,14026149218
20AP03,Mariese Paulak,Female,A+,Key West,Mariese Paulak@gmail.com,14024715076
20AP04,Goldie Rill,Female,A+,Lake City,Goldie Rill@yahoo.com,14023280933
20AP05,Salvo Bageli,Female,A+,Palm Bay,Salvo Bageli@hotmail.com,14021846790
20AP06,John Diggle,Male,A+,Palm Bay,John Diggle@gmail.com,14020412647
20AP07,Particia Newman,Female,A+,Key West,Particia Newman@hotmail.com,14018978505
20AP08,Peter Parker,Male,A+,Lake City,Peter Parker@yahoo.com,14017544362
20AP09,Jordon Flee,Male,A+,Key West,Jordon Flee@yahoo.com,14016110219
20AP10,Mari Connel,Female,A+,Lake City,Mari Connel@hotmail.com,14014676076
20AP11,Poppie Jones,Female,A+,Key West,Poppie Jones@gmail.com,14013241934
20AP12,Liam Huss,Male,A+,Palm Bay,Liam Huss@yahoo.com,14011807791
20AP13,Tim Woods,Male,A+,Key West,Tim Woods@hotmail.com,14010373648
20AP14,Charles Demian,Male,A+,Palm Bay,Charles Demian@gmail.com,14008939505
20AP15,Isabella Edd,Female,A+,Palm Bay,Isabella Edd@yahoo.com,14007505363
